CustomerId,Name,Email
1,Emilia Pedraza,emilia.pedraza@example.com
2,Thies Blümel,thies.blumel@example.com
3,بهاره علیزاده,bhrh.aalyzdh@example.com
4,Alevtin Paska,alevtin.paska@example.com
5,Charlotte Wong,charlotte.wong@example.com
6,Vittorio Bonnet,vittorio.bonnet@example.com
7,Dominic Lo,dominic.lo@example.com
8,كيان علیزاده,kyn.aalyzdh@example.com
9,Babür Çörekçi,babur.corekci@example.com
10,تینا یاسمی,tyn.ysmy@example.com
11,Angélique Vennix,angelique.vennix@example.com
12,Eric King,eric.king@example.com
13,Elizabeth Neal,elizabeth.neal@example.com
14,Sylvie Lecomte,sylvie.lecomte@example.com
15,An Jansen,an.jansen@example.com
16,Signe Petersen,signe.petersen@example.com
17,Sevastiana Nesterenko,sevastiana.nesterenko@example.com
18,Kiara Brun,kiara.brun@example.com
19,Alexia Renaud,alexia.renaud@example.com
20,Suzy Gibson,suzy.gibson@example.com
21,Sethu Mendonsa,sethu.mendonsa@example.com
22,Louis Singh,louis.singh@example.com
23,Ceyhun Hamzaoğlu,ceyhun.hamzaoglu@example.com
24,Bernd Colin,bernd.colin@example.com
25,Juana Pastor,juana.pastor@example.com
26,Claudia Gutierrez,claudia.gutierrez@example.com
27,Mohammad Renaud,mohammad.renaud@example.com
28,Efe Tazegül,efe.tazegul@example.com
29,Leah Green,leah.green@example.com
30,Raymonde Riviere,raymonde.riviere@example.com
31,Stella Masson,stella.masson@example.com
32,Ethan Little,ethan.little@example.com
33,Ingetraut Heppner,ingetraut.heppner@example.com
34,Avi Shet,avi.shet@example.com
35,Dwayne Johnson,dwayne.johnson@gmail.com
36,William Nielsen,william.nielsen@example.com
37,Brittany Holt,brittany.holt@example.com
38,Filomeno Fernandes,filomeno.fernandes@example.com
39,Gládis das Neves,gladis.dasneves@example.com
40,Capucine Nicolas,capucine.nicolas@example.com
41,Alice Morin,alice.morin@example.com
42,Sofia Jørgensen,sofia.jorgensen@example.com
43,Lucas Christiansen,lucas.christiansen@example.com
44,Dobrik Svida,dobrik.svida@example.com
45,Melissa Patterson,melissa.patterson@example.com
46,علی کامروا,aaly.khmrw@example.com
47,Flenn Henderson,flenn.henderson@example.com
48,Amoli Shenoy,amoli.shenoy@example.com
49,Jonathan Carrasco,jonathan.carrasco@example.com
50,Gonca Beşok,gonca.besok@example.com
